id,Alpha,Beta,order
rs9272346,0.061341999999999994,0.58113,1
rs9272723,0.0595,0.579289,1
rs3129768,0.045544,0.565333,1
rs6679677,0.012042,0.531831,1
rs17116117,0.011459,0.531247,1
rs9271850,0.01135,0.531139,1
rs1230666,0.007995,0.527783,1
rs17696736,0.007268999999999999,0.527057,1
rs200481,0.00692,0.526708,1
rs17116117#rs1176741,0.020571000000000002,0.0,2
rs17116117#rs1176738,0.020513,0.0,2
rs17116117#rs1176740,0.020489,0.0,2
rs17116117#rs17116145,0.020471,0.0,2
rs17116117#rs1176739,0.02035,0.0,2
rs3129768#rs9272346,0.018308,0.599438,2
rs3129768#rs9272723,0.01636,0.595649,2
rs2513574#rs17116117,0.014618,0.0,2
rs1633548#rs17116117,0.014582,0.0,2
rs9272723#rs17116117#rs1176741,0.018197,0.0,3
rs9272723#rs17116117#rs1176738,0.018087,0.0,3
rs9272723#rs17116117#rs17116145,0.017939,0.0,3
rs9272723#rs17116117#rs1176740,0.017906000000000002,0.0,3
rs9272346#rs17116117#rs1176741,0.01787,0.606792,3
rs9272346#rs17116117#rs1176738,0.017844,0.606766,3
rs9272723#rs17116117#rs1176739,0.017758000000000003,0.0,3
rs3129768#rs17116117#rs1176741,0.017725,0.0,3
rs9272346#rs17116117#rs17116145,0.017695,0.606617,3
rs3129768#rs9272346#rs17116117#rs1176741,0.01583,0.62275,4
rs3129768#rs9272346#rs17116117#rs1176740,0.015781,0.6227010000000001,4
rs3129768#rs9272346#rs17116117#rs1176738,0.015780000000000002,0.622699,4
rs3129768#rs9272346#rs17116117#rs1176739,0.015627000000000002,0.6225470000000001,4
rs3129768#rs9272346#rs17116117#rs17116145,0.015623,0.6225430000000001,4
rs3129768#rs9272723#rs17116117#rs1176740,0.014316999999999998,0.619296,4
rs3129768#rs9272723#rs17116117#rs1176739,0.014311,0.0,4
rs3129768#rs9272723#rs17116117#rs1176741,0.014136000000000001,0.619406,4
rs3129768#rs9272723#rs17116117#rs1176738,0.014134,0.619294,4
rs6679677#rs9272346,0.0,0.5906779999999999,2
rs6679677#rs9272723,0.0,0.589041,2
rs9272346#rs17116117,0.0,0.5889220000000001,2
rs9271850#rs9272346,0.0,0.5888680000000001,2
rs2523691#rs9272346,0.0,0.587516,2
rs9272723#rs17116117,0.0,0.587073,2
rs1230666#rs9272346,0.0,0.58699,2
rs9271850#rs3129768#rs9272346,0.0,0.610849,3
rs6679677#rs3129768#rs9272346,0.0,0.609042,3
rs9271850#rs3129768#rs9272723,0.0,0.607476,3
rs3129768#rs9272346#rs17116117,0.0,0.60692,3
rs9272346#rs17116117#rs1176740,0.0,0.606588,3
rs9272346#rs17116117#rs1176739,0.0,0.606442,3
rs6679677#rs9271850#rs3129768#rs9272346,0.0,0.620837,4
rs1176741,0.0,0.0,1
rs1176738,0.0,0.0,1
rs1176740,0.0,0.0,1
rs17116145,0.0,0.0,1
rs1176739,0.0,0.0,1
rs2513574,0.0,0.0,1
rs1633548,0.0,0.0,1
rs2523691,0.0,0.0,1
