Alpha,SNP_A,SNP_B,SNP_C,SNP_D
0.015830,rs3129768,rs9272346,rs17116117,rs1176741
0.015781,rs3129768,rs9272346,rs17116117,rs1176740
0.015780,rs3129768,rs9272346,rs17116117,rs1176738
0.015627,rs3129768,rs9272346,rs17116117,rs1176739
0.015623,rs3129768,rs9272346,rs17116117,rs17116145
0.014317,rs3129768,rs9272723,rs17116117,rs1176740
0.014311,rs3129768,rs9272723,rs17116117,rs1176739
0.014136,rs3129768,rs9272723,rs17116117,rs1176741
0.014134,rs3129768,rs9272723,rs17116117,rs1176738
