Alpha,SNP_A
0.061342,rs9272346
0.059500,rs9272723
0.045544,rs3129768
0.012042,rs6679677
0.011459,rs17116117
0.011350,rs9271850
0.007995,rs1230666
0.007269,rs17696736
0.006920,rs200481
0.006779,rs201002
0.006740,rs203884
0.006643,rs200995
0.006413,rs1233708
0.006388,rs2488457
0.006269,rs202906
0.006264,rs7763910
0.006205,rs9467704
0.006130,rs1525791
0.006070,rs200991
0.005624,rs12190473
0.005593,rs11171739
0.005567,rs10483456
0.005453,rs149946
0.005449,rs203888
0.005367,rs11756275
0.005350,rs149969
0.005278,rs7451149
0.005230,rs2523691
0.005212,rs10484399
0.005205,rs3790857
0.005169,rs10456045
0.005151,rs203887
0.005150,rs1217396
0.005028,rs2292239
0.005013,rs6894569
0.005009,rs1230649
0.004988,rs1230658
0.004982,rs1217200
0.004926,rs149970
0.004923,rs4358615
0.004884,rs17720293
0.004708,rs4713062
0.004576,rs9405484
0.004567,rs4456089
0.004441,rs10807124
0.004409,rs9746695
0.004382,rs9379851
0.004346,rs1217227
0.004345,rs17013326
