Alpha,SNP_A,SNP_B
0.020571,rs17116117,rs1176741
0.020513,rs17116117,rs1176738
0.020489,rs17116117,rs1176740
0.020471,rs17116117,rs17116145
0.020350,rs17116117,rs1176739
0.018308,rs3129768,rs9272346
0.016360,rs3129768,rs9272723
0.014618,rs2513574,rs17116117
0.014582,rs1633548,rs17116117
0.014038,rs1633550,rs17116117
0.011747,rs17541153,rs17116117
0.011736,rs11604887,rs17116117
0.011018,rs17532479,rs17116117
0.011017,rs17611093,rs17116117
0.011013,rs11606746,rs17116117
0.010830,rs17532157,rs17116117
0.010566,rs17610557,rs17116117
0.010474,rs6679677,rs9271850
0.010195,rs9271850,rs17116117
0.010007,rs2519200,rs17116117
0.009924,rs6679677,rs17116117
0.009826,rs6679677,rs3129768
0.009753,rs6679677,rs9272723
0.009548,rs6679677,rs9272346
0.009158,rs1525791,rs17116117
0.008918,rs3129768,rs17116117
0.007792,rs9272346,rs17116117
0.007785,rs9272723,rs17116117
0.007738,rs9271850,rs9272346
0.007444,rs1230666,rs9271850
0.007326,rs1525791,rs10483456
0.007270,rs9271850,rs9272723
0.007123,rs1230666,rs3129768
0.006745,rs17116117,rs10483456
0.006626,rs1230666,rs17116117
0.006386,rs2523691,rs9272346
0.006372,rs2523691,rs9272723
0.006256,rs1230666,rs9272723
0.006251,rs1230666,rs17696736
0.006199,rs6679677,rs17696736
0.006149,rs9271850,rs17696736
0.006078,rs200481,rs17696736
0.006029,rs2269239,rs3790857
0.005986,rs6679677,rs203884
0.005985,rs17116117,rs9315704
0.005945,rs200481,rs17116117
0.005915,rs1230666,rs200481
0.005902,rs201002,rs17696736
0.005876,rs203884,rs17696736
