Beta,SNP_A,SNP_B,SNP_C,SNP_D
0.622750,rs3129768,rs9272346,rs17116117,rs1176741
0.622701,rs3129768,rs9272346,rs17116117,rs1176740
0.622699,rs3129768,rs9272346,rs17116117,rs1176738
0.622547,rs3129768,rs9272346,rs17116117,rs1176739
0.622543,rs3129768,rs9272346,rs17116117,rs17116145
0.620837,rs6679677,rs9271850,rs3129768,rs9272346
0.619406,rs3129768,rs9272723,rs17116117,rs1176741
0.619296,rs3129768,rs9272723,rs17116117,rs1176740
0.619294,rs3129768,rs9272723,rs17116117,rs1176738
