Alpha,SNP_A
0.622750,A
0.622701,E