Beta,SNP_A
0.581130,rs9272346
0.579289,rs9272723
0.565333,rs3129768
0.531831,rs6679677
0.531247,rs17116117
0.531139,rs9271850
0.527783,rs1230666
0.527057,rs17696736
0.526708,rs200481
