Beta,SNP_A,SNP_B,SNP_C
0.610849,rs9271850,rs3129768,rs9272346
0.609042,rs6679677,rs3129768,rs9272346
0.607476,rs9271850,rs3129768,rs9272723
0.606920,rs3129768,rs9272346,rs17116117
0.606792,rs9272346,rs17116117,rs1176741
0.606766,rs9272346,rs17116117,rs1176738
0.606617,rs9272346,rs17116117,rs17116145
0.606588,rs9272346,rs17116117,rs1176740
0.606442,rs9272346,rs17116117,rs1176739
