Alpha,SNP_A,SNP_B,SNP_C
0.018197,rs9272723,rs17116117,rs1176741
0.018087,rs9272723,rs17116117,rs1176738
0.017939,rs9272723,rs17116117,rs17116145
0.017906,rs9272723,rs17116117,rs1176740
0.017870,rs9272346,rs17116117,rs1176741
0.017844,rs9272346,rs17116117,rs1176738
0.017758,rs9272723,rs17116117,rs1176739
0.017725,rs3129768,rs17116117,rs1176741
0.017695,rs9272346,rs17116117,rs17116145
