Alpha,SNP_A
0.061342,rs9272346
0.059500,rs9272723
0.045544,rs3129768
0.012042,rs6679677
0.011459,rs17116117
0.011350,rs9271850
0.007995,rs1230666
0.007269,rs17696736
0.006920,rs200481
