Alpha,SNP_A,SNP_B
0.020571,rs17116117,rs1176741
0.020513,rs17116117,rs1176738
0.020489,rs17116117,rs1176740
0.020471,rs17116117,rs17116145
0.020350,rs17116117,rs1176739
0.018308,rs3129768,rs9272346
0.016360,rs3129768,rs9272723
0.014618,rs2513574,rs17116117
0.014582,rs1633548,rs17116117
