Beta,SNP_A,SNP_B
0.599438,rs3129768,rs9272346
0.595649,rs3129768,rs9272723
0.590678,rs6679677,rs9272346
0.589041,rs6679677,rs9272723
0.588922,rs9272346,rs17116117
0.588868,rs9271850,rs9272346
0.587516,rs2523691,rs9272346
0.587073,rs9272723,rs17116117
0.586990,rs1230666,rs9272346
0.586558,rs9271850,rs9272723
