Alpha,SNP_A,SNP_B,SNP_C
0.018197,rs9272723,rs17116117,rs1176741
0.018087,rs9272723,rs17116117,rs1176738
0.017939,rs9272723,rs17116117,rs17116145
0.017906,rs9272723,rs17116117,rs1176740
0.017870,rs9272346,rs17116117,rs1176741
0.017844,rs9272346,rs17116117,rs1176738
0.017758,rs9272723,rs17116117,rs1176739
0.017725,rs3129768,rs17116117,rs1176741
0.017695,rs9272346,rs17116117,rs17116145
0.017666,rs9272346,rs17116117,rs1176740
0.017646,rs3129768,rs17116117,rs1176740
0.017640,rs3129768,rs17116117,rs1176738
0.017616,rs3129768,rs17116117,rs17116145
0.017544,rs3129768,rs17116117,rs1176739
0.017519,rs9272346,rs17116117,rs1176739
0.013666,rs9272723,rs2513574,rs17116117
0.013512,rs9272723,rs1633548,rs17116117
0.013106,rs9272346,rs2513574,rs17116117
0.013000,rs9272723,rs1633550,rs17116117
0.012999,rs3129768,rs2513574,rs17116117
0.012993,rs3129768,rs1633548,rs17116117
0.012978,rs9272346,rs1633548,rs17116117
0.012536,rs3129768,rs1633550,rs17116117
0.012491,rs9272346,rs1633550,rs17116117
0.011827,rs9271850,rs3129768,rs9272723
0.011411,rs9271850,rs3129768,rs9272346
0.011085,rs9271850,rs11606746,rs17116117
0.011033,rs9271850,rs11604887,rs17116117
0.011025,rs9271850,rs17541153,rs17116117
0.010965,rs9271850,rs17610557,rs17116117
0.010938,rs9271850,rs17611093,rs17116117
0.010924,rs9271850,rs2513574,rs17116117
0.010884,rs9271850,rs17532157,rs17116117
0.010720,rs9271850,rs1633550,rs17116117
0.010710,rs9272723,rs17541153,rs17116117
0.010708,rs9271850,rs17532479,rs17116117
0.010697,rs9272723,rs11604887,rs17116117
0.010586,rs6679677,rs1633548,rs17116117
0.010528,rs9271850,rs1633548,rs17116117
0.010480,rs6679677,rs1633550,rs17116117
0.010469,rs6679677,rs11604887,rs17116117
0.010452,rs9271850,rs17116117,rs1176741
0.010441,rs9271850,rs17116117,rs1176738
0.010440,rs6679677,rs17541153,rs17116117
0.010426,rs6679677,rs2513574,rs17116117
0.010412,rs6679677,rs11606746,rs17116117
0.010368,rs6679677,rs17532479,rs17116117
0.010363,rs9271850,rs17116117,rs1176740
0.010349,rs6679677,rs17610557,rs17116117
