Alpha,SNP_A,SNP_B,SNP_C,SNP_D
0.015830,rs3129768,rs9272346,rs17116117,rs1176741
0.015781,rs3129768,rs9272346,rs17116117,rs1176740
0.015780,rs3129768,rs9272346,rs17116117,rs1176738
0.015627,rs3129768,rs9272346,rs17116117,rs1176739
0.015623,rs3129768,rs9272346,rs17116117,rs17116145
0.014317,rs3129768,rs9272723,rs17116117,rs1176740
0.014311,rs3129768,rs9272723,rs17116117,rs1176739
0.014136,rs3129768,rs9272723,rs17116117,rs1176741
0.014134,rs3129768,rs9272723,rs17116117,rs1176738
0.014127,rs3129768,rs9272723,rs17116117,rs17116145
0.012894,rs17388568,rs7763910,rs4129934,rs6019687
0.012707,rs3129768,rs9272723,rs2513574,rs17116117
0.012661,rs3129768,rs9272723,rs1633548,rs17116117
0.012327,rs6441961,rs7763910,rs4763879,rs9746695
0.012273,rs3129768,rs9272346,rs2513574,rs17116117
0.012248,rs3129768,rs9272346,rs1633548,rs17116117
0.012152,rs3129768,rs9272723,rs1633550,rs17116117
0.012012,rs6679677,rs9271850,rs2519200,rs17116117
0.012001,rs6441961,rs7763910,rs4763879,rs12924729
0.011975,rs3790857,rs9271850,rs1525791,rs17696736
0.011838,rs6679677,rs9271850,rs1633548,rs17116117
0.011792,rs6679677,rs9271850,rs1633550,rs17116117
0.011788,rs6679677,rs9271850,rs2513574,rs17116117
0.011757,rs6679677,rs9271850,rs17610557,rs17116117
0.011748,rs3129768,rs9272346,rs1633550,rs17116117
0.011747,rs6679677,rs9271850,rs11604887,rs17116117
0.011746,rs6679677,rs9271850,rs11606746,rs17116117
0.011744,rs6679677,rs9271850,rs17541153,rs17116117
0.011705,rs1230666,rs17696736,rs1362323,rs382745
0.011669,rs6679677,rs9271850,rs17611093,rs17116117
0.011667,rs6679677,rs9271850,rs17532479,rs17116117
0.011663,rs6679677,rs9271850,rs17532157,rs17116117
0.011636,rs17226595,rs9271850,rs3013713,rs641696
0.011605,rs6441961,rs7763910,rs4763879,rs12708716
0.011378,rs3790857,rs7451149,rs10848821,rs11052372
0.011375,rs3790857,rs11756275,rs10848821,rs11052372
0.011343,rs2237236,rs1525791,rs7945815,rs3803676
0.011322,rs6798623,rs17025857,rs2415436,rs12444385
0.011316,rs1235005,rs2112594,rs149970,rs10741734
0.011315,rs2488457,rs17005850,rs10456045,rs2868853
0.011299,rs3013713,rs1908241,rs10848821,rs11052552
0.011276,rs1230666,rs17696736,rs1362323,rs3803676
0.011275,rs4713062,rs9271850,rs6477673,rs2154420
0.011260,rs26949,rs4713062,rs149970,rs12548378
0.011235,rs3790857,rs1230666,rs1525791,rs17696736
0.011177,rs10776775,rs17019726,rs11756275,rs12924729
0.011169,rs9271850,rs10807124,rs17681592,rs1362323
0.011167,rs4643,rs1430306,rs10834986,rs1873914
0.011148,rs4361128,rs3734536,rs9271850,rs6592988
